a,b,c,three_point
1,1,u^3v^5,1
1,u,u^2v^5,1
1,u^2,uv^5,1
1,u^2v,uv^4,1
1,u^2v^2,uv^3,1
1,u^2v^3,uv^2,1
1,u^2v^4,uv,1
1,u^3,v^5,1
1,u^3v,v^4,1
1,u^3v^2,v^3,1
1,u^3v^3,v^2,1
1,u^3v^4,v,1
1,u^4,u^4,-6
u,u,uv^5,1
u,u^2,v^5,1
u,u^2v,v^4,1
u,u^2v^2,v^3,1
u,u^2v^3,v^2,1
u,u^2v^4,v,1
u,u^3,u^4,-6
u,uv,uv^4,1
u,uv^2,uv^3,1
u^2,u^2,u^4,-6
u^2,u^3,u^3,-6
u^2,uv,v^4,1
u^2,uv^2,v^3,1
u^2,uv^3,v^2,1
u^2,uv^4,v,1
u^2v,uv,v^3,1
u^2v,uv^2,v^2,1
u^2v,uv^3,v,1
u^2v^2,uv,v^2,1
u^2v^2,uv^2,v,1
u^2v^3,uv,v,1
u^3,v,v^4,1
u^3,v^2,v^3,1
u^3v,v,v^3,1
u^3v,v^2,v^2,1
u^3v^2,v,v^2,1
u^3v^3,v,v,1
uv,uv,uv^3,1
uv,uv^2,uv^2,1
