object,factors,status
Jac(F),yes tensor of three Jac(W),closed dim 15625
Jac(F) degree-sum 0 mod 6,yes,closed dim 2605
Aut(F),yes product of groups,closed order 27000
c-hat(F),yes sum of charges,closed c-hat=4
classical 3-points of F on pure tensors,product of three W 3-points,closed formula
W unordered 3-points,42 triples values in {1,-6},closed docs/three_points_W.csv
FJRW twisted sectors of (F,<J>),no,not computed
Guere integrals of F,no,Guere is one chain
H^{2,2} class on V(F),no,not produced
